bmsce@bmsce-Precision-T1700:~$ cqlsh
Connected to Test Cluster at 127.0.0.1:9042.
[cqlsh 5.0.1 | Cassandra 3.11.4 | CQL spec 3.4.4 | Native protocol v4]
Use HELP for help.
cqlsh> CREATE KEYSPACE Employee_info WITH REPLICATION = {'class':'SimpleStrategy','replication_factor':2};
cqlsh> DESCRIBE KEYSPACES;

employee_info  system_auth  employee134  tranzmetro          employee    
students       system       students1    studentinfo         system_traces
system_schema  library      tranz        system_distributed  students2    

cqlsh> USE Employee_info;
cqlsh:employee_info> CREATE TABLE EMPLOYEE_INFO(Emp_id int PRIMARY KEY, Emp_name text,Designation text,DOJ timestamp,salary int,Dept_name text);
cqlsh:employee_info> INSERT INTO EMPLOYEE-INFO(Emp_id,Emp_name,Designation,DOJ,salary,Dept_name) VALUES (1,'manny','senior employee','2018-06-01','1000000','CSE');
SyntaxException: line 1:20 no viable alternative at input '-' (INSERT INTO [EMPLOYEE]-...)
cqlsh:employee_info> INSERT INTO EMPLOYEE_INFO(Emp_id,Emp_name,Designation,DOJ,salary,Dept_name) VALUES (1,'manny','senior employee','2018-06-01','1000000','CSE');
InvalidRequest: Error from server: code=2200 [Invalid query] message="Invalid STRING constant (1000000) for "salary" of type int"
cqlsh:employee_info> INSERT INTO EMPLOYEE_INFO(Emp_id,Emp_name,Designation,DOJ,salary,Dept_name) VALUES (1,'manny','senior employee','2018-06-01',1000000,'CSE');
cqlsh:employee_info> INSERT INTO EMPLOYEE_INFO(Emp_id,Emp_name,Designation,DOJ,salary,Dept_name) VALUES (2,'maddy','Manager','2017-04-01',100000,'ISE');
cqlsh:employee_info> INSERT INTO EMPLOYEE_INFO(Emp_id,Emp_name,Designation,DOJ,salary,Dept_name) VALUES (3,'nathen','junior employee','2019-01-01',200000,'EEE');
cqlsh:employee_info> SELECT * FROM EMPLOYEE_INFO;

 emp_id | dept_name | designation     | doj                             | emp_name | salary
--------+-----------+-----------------+---------------------------------+----------+---------
      1 |       CSE | senior employee | 2018-05-31 18:30:00.000000+0000 |    manny | 1000000
      2 |       ISE |         Manager | 2017-03-31 18:30:00.000000+0000 |    maddy |  100000
      3 |       EEE | junior employee | 2018-12-31 18:30:00.000000+0000 |   nathen |  200000

(3 rows)
cqlsh:employee_info> UPDATE EMPLOYEE_INFO SET Emp_name='mithil',Dept_name='EEE' WHERE Emp_id=2;
cqlsh:employee_info> SELECT * FROM EMPLOYEE_INFO;

 emp_id | dept_name | designation     | doj                             | emp_name | salary
--------+-----------+-----------------+---------------------------------+----------+---------
      1 |       CSE | senior employee | 2018-05-31 18:30:00.000000+0000 |    manny | 1000000
      2 |       EEE |         Manager | 2017-03-31 18:30:00.000000+0000 |   mithil |  100000
      3 |       EEE | junior employee | 2018-12-31 18:30:00.000000+0000 |   nathen |  200000

(3 rows)
cqlsh:employee_info> ALTER TABLE EMPLOYEE_INFO ADD PROJECTS SET<text>;
cqlsh:employee_info> SELECT * FROM EMPLOYEE_INFO;

 emp_id | dept_name | designation     | doj                             | emp_name | projects | salary
--------+-----------+-----------------+---------------------------------+----------+----------+---------
      1 |       CSE | senior employee | 2018-05-31 18:30:00.000000+0000 |    manny |     null | 1000000
      2 |       EEE |         Manager | 2017-03-31 18:30:00.000000+0000 |   mithil |     null |  100000
      3 |       EEE | junior employee | 2018-12-31 18:30:00.000000+0000 |   nathen |     null |  200000

(3 rows)
cqlsh:employee_info> UPDATE EMPLOYEE_INFO SET PROJECTS=PROJECTS+{'WEBAPP','ANDROIDAPP'} WHERE Emp_id=1;
cqlsh:employee_info> UPDATE EMPLOYEE_INFO SET PROJECTS=PROJECTS+{'WEBAPP1','ANDROIDAPP1'} WHERE Emp_id=2;
cqlsh:employee_info> UPDATE EMPLOYEE_INFO SET PROJECTS=PROJECTS+{'WEBAPP2','ANDROIDAPP2'} WHERE Emp_id=3;
cqlsh:employee_info> UPDATE EMPLOYEE_INFO SET PROJECTS=PROJECTS+{'WEBAPP1','ANDROIDAPP1'} WHERE Emp_id=2;
cqlsh:employee_info> SELECT * FROM EMPLOYEE-INFO;
SyntaxException: line 1:22 no viable alternative at input '-' (SELECT * FROM [EMPLOYEE]-...)
cqlsh:employee_info> SELECT * FROM EMPLOYEE_INFO;

 emp_id | dept_name | designation     | doj                             | emp_name | projects                   | salary
--------+-----------+-----------------+---------------------------------+----------+----------------------------+---------
      1 |       CSE | senior employee | 2018-05-31 18:30:00.000000+0000 |    manny |   {'ANDROIDAPP', 'WEBAPP'} | 1000000
      2 |       EEE |         Manager | 2017-03-31 18:30:00.000000+0000 |   mithil | {'ANDROIDAPP1', 'WEBAPP1'} |  100000
      3 |       EEE | junior employee | 2018-12-31 18:30:00.000000+0000 |   nathen | {'ANDROIDAPP2', 'WEBAPP2'} |  200000

(3 rows)
cqlsh:employee_info> INSERT INTO EMPLOYEE_INFO(Emp_id,Emp_name,Designation,DOJ,salary,Dept_name) VALUES (4,'nidhi','junior1 employee','2020-02-04',300000,'ECE') USING TTL 15;
cqlsh:employee_info> SELECT * FROM EMPLOYEE_INFO;

 emp_id | dept_name | designation     | doj                             | emp_name | projects                   | salary
--------+-----------+-----------------+---------------------------------+----------+----------------------------+---------
      1 |       CSE | senior employee | 2018-05-31 18:30:00.000000+0000 |    manny |   {'ANDROIDAPP', 'WEBAPP'} | 1000000
      2 |       EEE |         Manager | 2017-03-31 18:30:00.000000+0000 |   mithil | {'ANDROIDAPP1', 'WEBAPP1'} |  100000
      3 |       EEE | junior employee | 2018-12-31 18:30:00.000000+0000 |   nathen | {'ANDROIDAPP2', 'WEBAPP2'} |  200000

(3 rows)
cqlsh:employee_info> INSERT INTO EMPLOYEE_INFO(Emp_id,Emp_name,Designation,DOJ,salary,Dept_name) VALUES (4,'nidhi','junior1 employee','2020-02-04',300000,'ECE') USING TTL 15;
cqlsh:employee_info> SELECT * FROM EMPLOYEE_INFO;

 emp_id | dept_name | designation      | doj                             | emp_name | projects                   | salary
--------+-----------+------------------+---------------------------------+----------+----------------------------+---------
      1 |       CSE |  senior employee | 2018-05-31 18:30:00.000000+0000 |    manny |   {'ANDROIDAPP', 'WEBAPP'} | 1000000
      2 |       EEE |          Manager | 2017-03-31 18:30:00.000000+0000 |   mithil | {'ANDROIDAPP1', 'WEBAPP1'} |  100000
      4 |       ECE | junior1 employee | 2020-02-03 18:30:00.000000+0000 |    nidhi |                       null |  300000
      3 |       EEE |  junior employee | 2018-12-31 18:30:00.000000+0000 |   nathen | {'ANDROIDAPP2', 'WEBAPP2'} |  200000

(4 rows)
cqlsh:employee_info> CREATE TABLE EMP(id int, salary int,name text,PRIMARY KEY(id,salary));
cqlsh:employee_info> INSERT INTO EMP(id,salary,name) VALUES (1,100000,'myth');
cqlsh:employee_info> INSERT INTO EMP(id,salary,name) VALUES (1,100000,'myth');
cqlsh:employee_info> INSERT INTO EMP(id,salary,name) values (1,100000,'myth');
cqlsh:employee_info> INSERT INTO EMP(id,salary,name) values (2,200000,'mith');
cqlsh:employee_info> INSERT INTO EMP(id,salary,name) values (3,500000,'nith');
cqlsh:employee_info> SELECT * FROM EMP WHERE ID IN (1,2,3,4) ORDER BY SALARY;
InvalidRequest: Error from server: code=2200 [Invalid query] message="Cannot page queries with both ORDER BY and a IN restriction on the partition key; you must either remove the ORDER BY or the IN and sort client side, or disable paging for this query"
cqlsh:employee_info> PAGING OFF;
Disabled Query paging.
cqlsh:employee_info> SELECT * FROM EMP WHERE ID IN (1,2,3,4) ORDER BY SALARY;

 id | salary | name
----+--------+------
  1 | 100000 | myth
  2 | 200000 | mith
  3 | 500000 | nith

(3 rows)
